LLM File,Program,KQuery File,Similarity (%)
result3.txt,81,test000001.kquery,4.07
result3.txt,81,test000002.kquery,6.50
result3.txt,81,test000003.kquery,2.33
result3.txt,81,test000004.kquery,2.33
result3.txt,81,test000005.kquery,0.55
result4.txt,94,test000001.kquery,1.58
result4.txt,94,test000002.kquery,2.05
result4.txt,94,test000003.kquery,2.25
result4.txt,94,test000004.kquery,2.45
result4.txt,94,test000005.kquery,2.65
result4.txt,94,test000006.kquery,2.85
result4.txt,94,test000007.kquery,3.04
result4.txt,94,test000008.kquery,3.24
result4.txt,94,test000009.kquery,3.44
result4.txt,94,test000010.kquery,1.18
result4.txt,94,test000011.kquery,1.18
result4.txt,94,test000012.kquery,1.18
result4.txt,94,test000013.kquery,1.18
result4.txt,94,test000014.kquery,1.18
result4.txt,94,test000015.kquery,1.17
result4.txt,94,test000016.kquery,1.17
result4.txt,94,test000017.kquery,1.17
result4.txt,94,test000018.kquery,1.17
result4.txt,94,test000019.kquery,1.17
result4.txt,94,test000020.kquery,1.17
result4.txt,94,test000021.kquery,1.17
result4.txt,94,test000022.kquery,1.26
result4.txt,95,test000001.kquery,1.58
result4.txt,95,test000002.kquery,1.36
result4.txt,95,test000003.kquery,1.96
result.txt,82,test000001.kquery,0.41
result.txt,82,test000002.kquery,0.77
result.txt,82,test000003.kquery,0.24
result.txt,82,test000004.kquery,0.16
result.txt,82,test000005.kquery,1.42
result.txt,82,test000006.kquery,0.86
result.txt,82,test000007.kquery,0.82
result.txt,82,test000008.kquery,0.76
result.txt,82,test000009.kquery,0.78
result.txt,82,test000010.kquery,0.82
result.txt,82,test000011.kquery,0.76
result.txt,82,test000012.kquery,0.61
result.txt,82,test000013.kquery,0.76
result.txt,82,test000014.kquery,0.76
result.txt,82,test000015.kquery,0.76
result.txt,82,test000016.kquery,0.76
result.txt,82,test000017.kquery,0.76
result.txt,82,test000018.kquery,0.76
result.txt,82,test000019.kquery,0.76
result.txt,82,test000020.kquery,0.76
result.txt,82,test000021.kquery,0.76
result.txt,82,test000022.kquery,0.76
result.txt,83,test000001.kquery,0.50
result.txt,83,test000002.kquery,0.34
result.txt,83,test000003.kquery,0.45
result.txt,84,test000001.kquery,0.39
result.txt,84,test000002.kquery,0.73
result.txt,84,test000003.kquery,0.24
result.txt,84,test000004.kquery,0.31
result.txt,84,test000005.kquery,0.22
result.txt,84,test000006.kquery,0.14
result.txt,84,test000007.kquery,1.42
result.txt,84,test000008.kquery,1.06
result.txt,84,test000009.kquery,0.15
result.txt,84,test000010.kquery,1.04
result.txt,85,test000001.kquery,0.43
result.txt,85,test000002.kquery,0.81
result.txt,85,test000003.kquery,0.55
result.txt,85,test000004.kquery,0.88
result.txt,86,test000001.kquery,0.43
result.txt,86,test000002.kquery,0.86
result.txt,86,test000003.kquery,0.81
result.txt,86,test000004.kquery,0.34
result.txt,86,test000005.kquery,0.59
result.txt,86,test000006.kquery,0.75
result.txt,86,test000007.kquery,0.90
result.txt,87,test000001.kquery,0.39
result.txt,87,test000002.kquery,0.51
result.txt,87,test000003.kquery,0.56
result.txt,87,test000004.kquery,0.61
result.txt,87,test000005.kquery,0.66
result.txt,87,test000006.kquery,0.71
result.txt,87,test000007.kquery,0.76
result.txt,87,test000008.kquery,0.81
result.txt,87,test000009.kquery,0.86
result.txt,87,test000010.kquery,0.41
result.txt,87,test000011.kquery,0.41
result.txt,87,test000012.kquery,0.30
result.txt,87,test000013.kquery,0.30
result.txt,87,test000014.kquery,0.30
result.txt,87,test000015.kquery,0.30
result.txt,87,test000016.kquery,0.30
result.txt,87,test000017.kquery,0.30
result.txt,87,test000018.kquery,0.30
result.txt,87,test000019.kquery,0.41
result.txt,87,test000020.kquery,0.30
result.txt,87,test000021.kquery,0.30
result.txt,87,test000022.kquery,0.30
result.txt,87,test000023.kquery,0.30
result.txt,87,test000024.kquery,0.30
result.txt,87,test000025.kquery,0.30
result.txt,87,test000026.kquery,0.30
result.txt,87,test000027.kquery,0.32
result.txt,87,test000028.kquery,0.32
result.txt,87,test000029.kquery,0.32
result.txt,87,test000030.kquery,0.32
result.txt,87,test000031.kquery,0.32
result.txt,87,test000032.kquery,0.31
result.txt,87,test000033.kquery,0.31
result.txt,87,test000034.kquery,0.32
result.txt,87,test000035.kquery,0.31
result.txt,87,test000036.kquery,0.31
result.txt,87,test000037.kquery,0.31
result.txt,87,test000038.kquery,0.31
result.txt,87,test000039.kquery,0.31
result.txt,87,test000040.kquery,0.32
result.txt,87,test000041.kquery,0.31
result.txt,87,test000042.kquery,0.31
result.txt,87,test000043.kquery,0.31
result.txt,87,test000044.kquery,0.31
result.txt,87,test000045.kquery,0.31
result.txt,87,test000046.kquery,0.31
result.txt,87,test000047.kquery,0.31
result.txt,87,test000048.kquery,0.31
result.txt,87,test000049.kquery,0.31
result.txt,87,test000050.kquery,0.31
result.txt,87,test000051.kquery,0.30
result.txt,88,test000001.kquery,0.39
result.txt,88,test000002.kquery,0.34
result.txt,88,test000003.kquery,0.34
result.txt,88,test000004.kquery,0.34
result.txt,88,test000005.kquery,0.75
result.txt,88,test000006.kquery,0.34
result.txt,88,test000007.kquery,0.30
result.txt,88,test000008.kquery,0.34
result.txt,88,test000009.kquery,0.30
result.txt,88,test000010.kquery,0.34
result.txt,88,test000011.kquery,0.30
result.txt,88,test000012.kquery,0.34
result.txt,88,test000013.kquery,0.38
result.txt,88,test000014.kquery,0.34
result.txt,88,test000015.kquery,0.37
result.txt,88,test000016.kquery,0.34
result.txt,88,test000017.kquery,0.36
result.txt,88,test000018.kquery,0.34
result.txt,88,test000019.kquery,0.33
result.txt,88,test000020.kquery,0.34
result.txt,88,test000021.kquery,0.38
result.txt,89,test000001.kquery,0.39
result.txt,89,test000002.kquery,0.34
result.txt,89,test000003.kquery,0.34
result.txt,89,test000004.kquery,0.34
result.txt,89,test000005.kquery,0.75
result.txt,89,test000006.kquery,0.34
result.txt,89,test000007.kquery,0.30
result.txt,89,test000008.kquery,0.34
result.txt,89,test000009.kquery,0.36
result.txt,89,test000010.kquery,0.36
result.txt,90,test000001.kquery,0.39
result.txt,90,test000002.kquery,0.57
result.txt,90,test000003.kquery,0.68
result.txt,90,test000004.kquery,0.63
result.txt,91,test000001.kquery,0.40
result.txt,91,test000002.kquery,0.78
result.txt,91,test000003.kquery,0.38
result.txt,91,test000004.kquery,0.56
result.txt,91,test000005.kquery,0.38
result.txt,91,test000006.kquery,0.56
result.txt,91,test000007.kquery,0.38
result.txt,91,test000008.kquery,0.56
result.txt,91,test000009.kquery,0.56
result.txt,91,test000010.kquery,0.38
result.txt,91,test000011.kquery,0.37
result.txt,91,test000012.kquery,0.56
result.txt,91,test000013.kquery,0.56
result.txt,91,test000014.kquery,0.56
result.txt,91,test000015.kquery,0.38
result.txt,91,test000016.kquery,0.56
result.txt,91,test000017.kquery,0.56
result.txt,91,test000018.kquery,0.38
result.txt,91,test000019.kquery,0.39
result.txt,91,test000020.kquery,0.56
result.txt,91,test000021.kquery,0.60
result.txt,91,test000022.kquery,0.38
result.txt,91,test000023.kquery,0.56
result.txt,91,test000024.kquery,0.56
result.txt,91,test000025.kquery,0.30
result.txt,91,test000026.kquery,0.56
result.txt,91,test000027.kquery,0.57
result.txt,91,test000028.kquery,0.56
result.txt,91,test000029.kquery,0.57
result.txt,91,test000030.kquery,0.57
result.txt,91,test000031.kquery,0.56
result.txt,91,test000032.kquery,0.56
result.txt,91,test000033.kquery,0.56
result.txt,91,test000034.kquery,0.56
result.txt,91,test000035.kquery,0.56
result.txt,91,test000036.kquery,0.56
result.txt,91,test000037.kquery,0.49
result.txt,91,test000038.kquery,0.61
result.txt,91,test000039.kquery,0.56
result.txt,91,test000040.kquery,0.56
result.txt,91,test000041.kquery,0.57
result.txt,91,test000042.kquery,0.56
result.txt,91,test000043.kquery,0.56
result.txt,91,test000044.kquery,0.58
result.txt,91,test000045.kquery,0.61
result.txt,91,test000046.kquery,0.56
result.txt,91,test000047.kquery,0.60
result.txt,91,test000048.kquery,0.56
result.txt,91,test000049.kquery,0.61
result.txt,91,test000050.kquery,0.49
result.txt,91,test000051.kquery,0.56
result.txt,91,test000052.kquery,0.61
result.txt,91,test000053.kquery,0.56
result.txt,91,test000054.kquery,0.61
result.txt,91,test000055.kquery,0.56
result.txt,91,test000056.kquery,0.56
result.txt,91,test000057.kquery,0.57
result.txt,91,test000058.kquery,0.58
result.txt,91,test000059.kquery,0.61
result.txt,91,test000060.kquery,0.56
result.txt,91,test000061.kquery,0.56
result.txt,91,test000062.kquery,0.57
result.txt,91,test000063.kquery,0.49
result.txt,91,test000064.kquery,0.56
result.txt,91,test000065.kquery,0.55
result.txt,91,test000066.kquery,0.61
result.txt,91,test000067.kquery,0.60
result.txt,91,test000068.kquery,0.56
result.txt,91,test000069.kquery,0.67
result.txt,91,test000070.kquery,0.56
result.txt,91,test000071.kquery,0.66
result.txt,91,test000072.kquery,0.56
result.txt,91,test000073.kquery,0.56
result.txt,91,test000074.kquery,0.56
result.txt,91,test000075.kquery,0.56
result.txt,91,test000076.kquery,0.56
result.txt,91,test000077.kquery,0.49
result.txt,91,test000078.kquery,0.60
result.txt,91,test000079.kquery,0.56
result.txt,91,test000080.kquery,0.66
result.txt,91,test000081.kquery,0.66
result.txt,91,test000082.kquery,0.57
result.txt,91,test000083.kquery,0.56
result.txt,91,test000084.kquery,0.60
result.txt,91,test000085.kquery,0.56
result.txt,91,test000086.kquery,0.56
result.txt,91,test000087.kquery,0.66
result.txt,91,test000088.kquery,0.66
result.txt,91,test000089.kquery,0.49
result.txt,91,test000090.kquery,0.60
result.txt,91,test000091.kquery,0.61
result.txt,91,test000092.kquery,0.38
result.txt,91,test000093.kquery,0.57
result.txt,91,test000094.kquery,0.60
result.txt,91,test000095.kquery,0.61
result.txt,91,test000096.kquery,0.56
result.txt,91,test000097.kquery,0.56
result.txt,91,test000098.kquery,0.57
result.txt,91,test000099.kquery,0.61
result.txt,91,test000100.kquery,0.38
result.txt,91,test000101.kquery,0.53
result.txt,91,test000102.kquery,0.38
result.txt,91,test000103.kquery,0.57
result.txt,91,test000104.kquery,0.38
result.txt,91,test000105.kquery,0.57
result.txt,91,test000106.kquery,0.56
result.txt,91,test000107.kquery,0.57
result.txt,91,test000108.kquery,0.38
result.txt,91,test000109.kquery,0.56
result.txt,91,test000110.kquery,0.56
result.txt,91,test000111.kquery,0.58
result.txt,91,test000112.kquery,0.38
result.txt,91,test000113.kquery,0.61
result.txt,91,test000114.kquery,0.56
result.txt,91,test000115.kquery,0.61
result.txt,91,test000116.kquery,0.43
result.txt,91,test000117.kquery,0.38
result.txt,91,test000118.kquery,0.56
result.txt,91,test000119.kquery,0.61
result.txt,91,test000120.kquery,0.56
result.txt,91,test000121.kquery,0.56
result.txt,91,test000122.kquery,0.61
result.txt,91,test000123.kquery,0.56
result.txt,91,test000124.kquery,0.38
result.txt,91,test000125.kquery,0.38
result.txt,91,test000126.kquery,0.61
result.txt,91,test000127.kquery,0.61
result.txt,91,test000128.kquery,0.56
result.txt,91,test000129.kquery,0.56
result.txt,91,test000130.kquery,0.48
result.txt,91,test000131.kquery,0.62
result.txt,91,test000132.kquery,0.38
result.txt,91,test000133.kquery,0.38
result.txt,91,test000134.kquery,0.61
result.txt,91,test000135.kquery,0.61
result.txt,91,test000136.kquery,0.61
result.txt,91,test000137.kquery,0.61
result.txt,91,test000138.kquery,0.37
result.txt,91,test000139.kquery,0.61
result.txt,91,test000140.kquery,0.61
result.txt,91,test000141.kquery,0.37
result.txt,91,test000142.kquery,0.61
result.txt,91,test000143.kquery,0.61
result.txt,91,test000144.kquery,0.54
result.txt,91,test000145.kquery,0.61
result.txt,91,test000146.kquery,0.61
result.txt,91,test000147.kquery,0.61
result.txt,91,test000148.kquery,0.37
result.txt,91,test000149.kquery,0.37
result.txt,91,test000150.kquery,0.61
result.txt,91,test000151.kquery,0.37
result.txt,91,test000152.kquery,0.61
result.txt,91,test000153.kquery,0.61
result.txt,91,test000154.kquery,0.61
result.txt,91,test000155.kquery,0.54
result.txt,91,test000156.kquery,0.37
result.txt,91,test000157.kquery,0.61
result.txt,91,test000158.kquery,0.61
result.txt,91,test000159.kquery,0.37
result.txt,91,test000160.kquery,0.37
result.txt,91,test000161.kquery,0.61
result.txt,91,test000162.kquery,0.61
result.txt,91,test000163.kquery,0.61
result.txt,91,test000164.kquery,0.61
result.txt,91,test000165.kquery,0.61
result.txt,91,test000166.kquery,0.61
result.txt,91,test000167.kquery,0.37
result.txt,91,test000168.kquery,0.61
result.txt,91,test000169.kquery,0.54
result.txt,91,test000170.kquery,0.61
result.txt,91,test000171.kquery,0.37
result.txt,91,test000172.kquery,0.61
result.txt,91,test000173.kquery,0.61
result.txt,91,test000174.kquery,0.61
result.txt,91,test000175.kquery,0.37
result.txt,91,test000176.kquery,0.61
result.txt,91,test000177.kquery,0.61
result.txt,91,test000178.kquery,0.61
result.txt,91,test000179.kquery,0.54
result.txt,91,test000180.kquery,0.61
result.txt,91,test000181.kquery,0.69
result.txt,91,test000182.kquery,0.61
result.txt,91,test000183.kquery,0.69
result.txt,91,test000184.kquery,0.61
result.txt,91,test000185.kquery,0.37
result.txt,91,test000186.kquery,0.61
result.txt,91,test000187.kquery,0.61
result.txt,91,test000188.kquery,0.61
result.txt,91,test000189.kquery,0.38
result.txt,91,test000190.kquery,0.69
result.txt,91,test000191.kquery,0.61
result.txt,91,test000192.kquery,0.37
result.txt,91,test000193.kquery,0.37
result.txt,91,test000194.kquery,0.54
result.txt,91,test000195.kquery,0.61
result.txt,91,test000196.kquery,0.37
result.txt,91,test000197.kquery,0.61
result.txt,91,test000198.kquery,0.61
result.txt,91,test000199.kquery,0.61
result.txt,91,test000200.kquery,0.68
result.txt,91,test000201.kquery,0.61
result.txt,91,test000202.kquery,0.61
result.txt,91,test000203.kquery,0.61
result.txt,91,test000204.kquery,0.37
result.txt,91,test000205.kquery,0.37
result.txt,91,test000206.kquery,0.54
result.txt,91,test000207.kquery,0.38
result.txt,91,test000208.kquery,0.61
result.txt,91,test000209.kquery,0.61
result.txt,91,test000210.kquery,0.37
result.txt,91,test000211.kquery,0.61
result.txt,91,test000212.kquery,0.61
result.txt,91,test000213.kquery,0.37
result.txt,91,test000214.kquery,0.61
result.txt,91,test000215.kquery,0.61
result.txt,91,test000216.kquery,0.61
result.txt,91,test000217.kquery,0.37
result.txt,91,test000218.kquery,0.54
result.txt,91,test000219.kquery,0.61
result.txt,91,test000220.kquery,0.61
result.txt,91,test000221.kquery,0.61
result.txt,91,test000222.kquery,0.61
result.txt,91,test000223.kquery,0.37
result.txt,91,test000224.kquery,0.61
result.txt,91,test000225.kquery,0.38
result.txt,91,test000226.kquery,0.38
result.txt,91,test000227.kquery,0.61
result.txt,91,test000228.kquery,0.37
result.txt,91,test000229.kquery,0.61
result.txt,91,test000230.kquery,0.54
result.txt,91,test000231.kquery,0.61
result.txt,91,test000232.kquery,0.37
result.txt,91,test000233.kquery,0.61
result.txt,91,test000234.kquery,0.61
result.txt,91,test000235.kquery,0.36
result.txt,91,test000236.kquery,0.38
result.txt,91,test000237.kquery,0.38
result.txt,91,test000238.kquery,0.61
result.txt,91,test000239.kquery,0.61
result.txt,91,test000240.kquery,0.36
result.txt,91,test000241.kquery,0.61
result.txt,91,test000242.kquery,0.61
result.txt,91,test000243.kquery,0.61
result.txt,91,test000244.kquery,0.38
result.txt,91,test000245.kquery,0.54
result.txt,91,test000246.kquery,0.61
result.txt,91,test000247.kquery,0.36
result.txt,91,test000248.kquery,0.61
result.txt,91,test000249.kquery,0.61
result.txt,91,test000250.kquery,0.61
result.txt,91,test000251.kquery,0.61
result.txt,91,test000252.kquery,0.36
result.txt,91,test000253.kquery,0.61
result.txt,91,test000254.kquery,0.36
result.txt,91,test000255.kquery,0.61
result.txt,91,test000256.kquery,0.36
result.txt,91,test000257.kquery,0.36
result.txt,91,test000258.kquery,0.61
result.txt,91,test000259.kquery,0.38
result.txt,91,test000260.kquery,0.61
result.txt,91,test000261.kquery,0.36
result.txt,91,test000262.kquery,0.38
result.txt,91,test000263.kquery,0.61
result.txt,91,test000264.kquery,0.61
result.txt,91,test000265.kquery,0.36
result.txt,91,test000266.kquery,0.36
result.txt,91,test000267.kquery,0.61
result.txt,91,test000268.kquery,0.61
result.txt,91,test000269.kquery,0.38
result.txt,91,test000270.kquery,0.36
result.txt,91,test000271.kquery,0.61
result.txt,91,test000272.kquery,0.37
result.txt,91,test000273.kquery,0.61
result.txt,91,test000274.kquery,0.37
result.txt,91,test000275.kquery,0.61
result.txt,91,test000276.kquery,0.36
result.txt,91,test000277.kquery,0.60
result.txt,91,test000278.kquery,0.38
result.txt,91,test000279.kquery,0.36
result.txt,91,test000280.kquery,0.60
result.txt,91,test000281.kquery,0.38
result.txt,91,test000282.kquery,0.60
result.txt,91,test000283.kquery,0.37
result.txt,91,test000284.kquery,0.36
result.txt,91,test000285.kquery,0.36
result.txt,91,test000286.kquery,0.60
result.txt,91,test000287.kquery,0.60
result.txt,91,test000288.kquery,0.36
result.txt,91,test000289.kquery,0.37
result.txt,91,test000290.kquery,0.36
result.txt,91,test000291.kquery,0.60
result.txt,91,test000292.kquery,0.37
result.txt,91,test000293.kquery,0.36
result.txt,91,test000294.kquery,0.37
result.txt,91,test000295.kquery,0.37
result.txt,91,test000296.kquery,0.36
result.txt,91,test000297.kquery,0.36
result.txt,91,test000298.kquery,0.37
result.txt,91,test000299.kquery,0.37
result.txt,91,test000300.kquery,0.36
result.txt,91,test000301.kquery,0.37
result.txt,91,test000302.kquery,0.37
result.txt,91,test000303.kquery,0.37
result.txt,91,test000304.kquery,0.36
result.txt,91,test000305.kquery,0.38
result.txt,91,test000306.kquery,0.37
result.txt,91,test000307.kquery,0.36
result.txt,91,test000308.kquery,0.37
result.txt,91,test000309.kquery,0.36
result.txt,91,test000310.kquery,0.37
result.txt,91,test000311.kquery,0.37
result.txt,91,test000312.kquery,0.38
result.txt,91,test000313.kquery,0.37
result.txt,91,test000314.kquery,0.37
result.txt,91,test000315.kquery,0.37
result.txt,91,test000316.kquery,0.36
result.txt,91,test000317.kquery,0.37
result.txt,91,test000318.kquery,0.37
result.txt,91,test000319.kquery,0.37
result.txt,91,test000320.kquery,0.36
result.txt,91,test000321.kquery,0.36
result.txt,91,test000322.kquery,0.37
result.txt,91,test000323.kquery,0.36
result.txt,91,test000324.kquery,0.37
result.txt,91,test000325.kquery,0.36
result.txt,91,test000326.kquery,0.37
result.txt,91,test000327.kquery,0.37
result.txt,91,test000328.kquery,0.38
result.txt,91,test000329.kquery,0.38
result.txt,91,test000330.kquery,0.37
result.txt,91,test000331.kquery,0.37
result.txt,91,test000332.kquery,0.36
result.txt,91,test000333.kquery,0.36
result.txt,91,test000334.kquery,0.37
result.txt,91,test000335.kquery,0.37
result.txt,91,test000336.kquery,0.35
result.txt,91,test000337.kquery,0.37
result.txt,91,test000338.kquery,0.37
result.txt,91,test000339.kquery,0.37
result.txt,91,test000340.kquery,0.36
result.txt,91,test000341.kquery,0.36
result.txt,91,test000342.kquery,0.37
result.txt,91,test000343.kquery,0.36
result.txt,91,test000344.kquery,0.37
result.txt,91,test000345.kquery,0.37
result.txt,91,test000346.kquery,0.36
result.txt,91,test000347.kquery,0.37
result.txt,91,test000348.kquery,0.37
result.txt,91,test000349.kquery,0.35
result.txt,91,test000350.kquery,0.36
result.txt,91,test000351.kquery,0.37
result.txt,91,test000352.kquery,0.37
result.txt,91,test000353.kquery,0.37
result.txt,91,test000354.kquery,0.37
result.txt,91,test000355.kquery,0.37
result.txt,91,test000356.kquery,0.37
result.txt,91,test000357.kquery,0.38
result.txt,91,test000358.kquery,0.36
result.txt,91,test000359.kquery,0.37
result.txt,91,test000360.kquery,0.37
result.txt,91,test000361.kquery,0.36
result.txt,91,test000362.kquery,0.35
result.txt,91,test000363.kquery,0.38
result.txt,91,test000364.kquery,0.38
result.txt,91,test000365.kquery,0.37
result.txt,91,test000366.kquery,0.37
result.txt,91,test000367.kquery,0.36
result.txt,91,test000368.kquery,0.37
result.txt,91,test000369.kquery,0.37
result.txt,91,test000370.kquery,0.36
result.txt,91,test000371.kquery,0.37
result.txt,91,test000372.kquery,0.38
result.txt,91,test000373.kquery,0.37
result.txt,91,test000374.kquery,0.35
result.txt,91,test000375.kquery,0.36
result.txt,91,test000376.kquery,0.37
result.txt,91,test000377.kquery,0.37
result.txt,91,test000378.kquery,0.38
result.txt,91,test000379.kquery,0.36
result.txt,91,test000380.kquery,0.37
result.txt,91,test000381.kquery,0.37
result.txt,91,test000382.kquery,0.36
result.txt,91,test000383.kquery,0.37
result.txt,91,test000384.kquery,0.37
result.txt,91,test000385.kquery,0.36
result.txt,91,test000386.kquery,0.35
result.txt,91,test000387.kquery,0.37
result.txt,91,test000388.kquery,0.37
result.txt,91,test000389.kquery,0.38
result.txt,91,test000390.kquery,0.37
result.txt,91,test000391.kquery,0.37
result.txt,91,test000392.kquery,0.38
result.txt,91,test000393.kquery,0.36
result.txt,91,test000394.kquery,0.35
result.txt,91,test000395.kquery,0.37
result.txt,91,test000396.kquery,0.37
result.txt,91,test000397.kquery,0.34
result.txt,91,test000398.kquery,0.35
result.txt,91,test000399.kquery,0.37
result.txt,91,test000400.kquery,0.37
result.txt,91,test000401.kquery,0.38
result.txt,91,test000402.kquery,0.37
result.txt,91,test000403.kquery,0.37
result.txt,91,test000404.kquery,0.37
result.txt,91,test000405.kquery,0.37
result.txt,91,test000406.kquery,0.37
result.txt,91,test000407.kquery,0.37
result.txt,91,test000408.kquery,0.37
result.txt,91,test000409.kquery,0.37
result.txt,91,test000410.kquery,0.35
result.txt,91,test000411.kquery,0.38
result.txt,91,test000412.kquery,0.37
result.txt,91,test000413.kquery,0.38
result.txt,91,test000414.kquery,0.37
result.txt,91,test000415.kquery,0.37
result.txt,91,test000416.kquery,0.37
result.txt,91,test000417.kquery,0.37
result.txt,91,test000418.kquery,0.35
result.txt,91,test000419.kquery,0.37
result.txt,91,test000420.kquery,0.37
result.txt,91,test000421.kquery,0.38
result.txt,91,test000422.kquery,0.37
result.txt,91,test000423.kquery,0.37
result.txt,91,test000424.kquery,0.37
result.txt,91,test000425.kquery,0.37
result.txt,91,test000426.kquery,0.37
result.txt,91,test000427.kquery,0.37
result.txt,91,test000428.kquery,0.35
result.txt,91,test000429.kquery,0.37
result.txt,91,test000430.kquery,0.37
result.txt,91,test000431.kquery,0.37
result.txt,91,test000432.kquery,0.37
result.txt,91,test000433.kquery,0.37
result.txt,91,test000434.kquery,0.37
result.txt,91,test000435.kquery,0.37
result.txt,91,test000436.kquery,0.37
result.txt,91,test000437.kquery,0.35
result.txt,91,test000438.kquery,0.37
result.txt,91,test000439.kquery,0.37
result.txt,91,test000440.kquery,0.37
result.txt,91,test000441.kquery,0.37
result.txt,91,test000442.kquery,0.37
result.txt,91,test000443.kquery,0.37
result.txt,91,test000444.kquery,0.36
result.txt,91,test000445.kquery,0.37
result.txt,91,test000446.kquery,0.37
result.txt,91,test000447.kquery,0.37
result.txt,91,test000448.kquery,0.35
result.txt,91,test000449.kquery,0.37
result.txt,91,test000450.kquery,0.37
result.txt,91,test000451.kquery,0.37
result.txt,91,test000452.kquery,0.36
result.txt,91,test000453.kquery,0.37
result.txt,91,test000454.kquery,0.37
result.txt,91,test000455.kquery,0.37
result.txt,91,test000456.kquery,0.36
result.txt,91,test000457.kquery,0.37
result.txt,91,test000458.kquery,0.37
result.txt,91,test000459.kquery,0.35
result.txt,91,test000460.kquery,0.37
result.txt,91,test000461.kquery,0.37
result.txt,91,test000462.kquery,0.37
result.txt,91,test000463.kquery,0.36
result.txt,91,test000464.kquery,0.37
result.txt,91,test000465.kquery,0.37
result.txt,91,test000466.kquery,0.37
result.txt,91,test000467.kquery,0.37
result.txt,91,test000468.kquery,0.36
result.txt,91,test000469.kquery,0.37
result.txt,91,test000470.kquery,0.35
result.txt,91,test000471.kquery,0.36
result.txt,91,test000472.kquery,0.37
result.txt,91,test000473.kquery,0.37
result.txt,91,test000474.kquery,0.37
result.txt,91,test000475.kquery,0.36
result.txt,91,test000476.kquery,0.37
result.txt,91,test000477.kquery,0.37
result.txt,91,test000478.kquery,0.37
result.txt,91,test000479.kquery,0.37
result.txt,91,test000480.kquery,0.35
result.txt,91,test000481.kquery,0.37
result.txt,91,test000482.kquery,0.36
result.txt,91,test000483.kquery,0.37
result.txt,91,test000484.kquery,0.36
result.txt,91,test000485.kquery,0.37
result.txt,91,test000486.kquery,0.37
result.txt,91,test000487.kquery,0.37
result.txt,91,test000488.kquery,0.37
result.txt,91,test000489.kquery,0.37
result.txt,91,test000490.kquery,0.35
result.txt,91,test000491.kquery,0.37
result.txt,91,test000492.kquery,0.36
result.txt,91,test000493.kquery,0.37
result.txt,91,test000494.kquery,0.36
result.txt,91,test000495.kquery,0.37
result.txt,91,test000496.kquery,0.37
result.txt,91,test000497.kquery,0.37
result.txt,91,test000498.kquery,0.37
result.txt,91,test000499.kquery,0.36
result.txt,91,test000500.kquery,0.36
result.txt,91,test000501.kquery,0.35
result.txt,91,test000502.kquery,0.36
result.txt,91,test000503.kquery,0.37
result.txt,91,test000504.kquery,0.36
result.txt,91,test000505.kquery,0.37
result.txt,91,test000506.kquery,0.37
result.txt,91,test000507.kquery,0.36
result.txt,91,test000508.kquery,0.36
result.txt,91,test000509.kquery,0.37
result.txt,91,test000510.kquery,0.36
result.txt,91,test000511.kquery,0.37
result.txt,91,test000512.kquery,0.37
result.txt,91,test000513.kquery,0.35
result.txt,91,test000514.kquery,0.37
result.txt,91,test000515.kquery,0.37
result.txt,91,test000516.kquery,0.37
result.txt,91,test000517.kquery,0.36
result.txt,91,test000518.kquery,0.36
result.txt,91,test000519.kquery,0.36
result.txt,91,test000520.kquery,0.37
result.txt,91,test000521.kquery,0.37
result.txt,91,test000522.kquery,0.37
result.txt,91,test000523.kquery,0.37
result.txt,91,test000524.kquery,0.35
result.txt,91,test000525.kquery,0.37
result.txt,91,test000526.kquery,0.37
result.txt,91,test000527.kquery,0.37
result.txt,91,test000528.kquery,0.36
result.txt,91,test000529.kquery,0.36
result.txt,91,test000530.kquery,0.36
result.txt,91,test000531.kquery,0.37
result.txt,91,test000532.kquery,0.37
result.txt,91,test000533.kquery,0.37
result.txt,91,test000534.kquery,0.37
result.txt,91,test000535.kquery,0.37
result.txt,91,test000536.kquery,0.35
result.txt,91,test000537.kquery,0.36
result.txt,91,test000538.kquery,0.36
result.txt,91,test000539.kquery,0.37
result.txt,91,test000540.kquery,0.37
result.txt,91,test000541.kquery,0.37
result.txt,91,test000542.kquery,0.36
result.txt,91,test000543.kquery,0.37
result.txt,91,test000544.kquery,0.37
result.txt,91,test000545.kquery,0.37
result.txt,91,test000546.kquery,0.37
result.txt,91,test000547.kquery,0.36
result.txt,91,test000548.kquery,0.35
result.txt,91,test000549.kquery,0.37
result.txt,91,test000550.kquery,0.37
result.txt,91,test000551.kquery,0.36
result.txt,91,test000552.kquery,0.37
result.txt,91,test000553.kquery,0.37
result.txt,91,test000554.kquery,0.37
result.txt,91,test000555.kquery,0.36
result.txt,91,test000556.kquery,0.37
result.txt,91,test000557.kquery,0.35
result.txt,91,test000558.kquery,0.37
result.txt,91,test000559.kquery,0.37
result.txt,91,test000560.kquery,0.37
result.txt,91,test000561.kquery,0.36
result.txt,91,test000562.kquery,0.36
result.txt,91,test000563.kquery,0.36
result.txt,91,test000564.kquery,0.37
result.txt,91,test000565.kquery,0.36
result.txt,91,test000566.kquery,0.37
result.txt,91,test000567.kquery,0.37
result.txt,91,test000568.kquery,0.36
result.txt,91,test000569.kquery,0.37
result.txt,91,test000570.kquery,0.36
result.txt,91,test000571.kquery,0.35
result.txt,91,test000572.kquery,0.37
result.txt,91,test000573.kquery,0.36
result.txt,91,test000574.kquery,0.36
result.txt,91,test000575.kquery,0.36
result.txt,91,test000576.kquery,0.36
result.txt,91,test000577.kquery,0.37
result.txt,91,test000578.kquery,0.37
result.txt,91,test000579.kquery,0.36
result.txt,91,test000580.kquery,0.37
result.txt,91,test000581.kquery,0.37
result.txt,91,test000582.kquery,0.37
result.txt,91,test000583.kquery,0.36
result.txt,91,test000584.kquery,0.37
result.txt,91,test000585.kquery,0.35
result.txt,91,test000586.kquery,0.37
result.txt,91,test000587.kquery,0.36
result.txt,91,test000588.kquery,0.37
result.txt,91,test000589.kquery,0.36
result.txt,91,test000590.kquery,0.37
result.txt,91,test000591.kquery,0.37
result.txt,91,test000592.kquery,0.37
result.txt,91,test000593.kquery,0.37
result.txt,91,test000594.kquery,0.36
result.txt,91,test000595.kquery,0.35
result.txt,91,test000596.kquery,0.37
result.txt,91,test000597.kquery,0.36
result.txt,91,test000598.kquery,0.36
result.txt,91,test000599.kquery,0.37
result.txt,91,test000600.kquery,0.37
result.txt,91,test000601.kquery,0.36
result.txt,91,test000602.kquery,0.37
result.txt,91,test000603.kquery,0.37
result.txt,91,test000604.kquery,0.36
result.txt,91,test000605.kquery,0.37
result.txt,91,test000606.kquery,0.36
result.txt,91,test000607.kquery,0.35
result.txt,91,test000608.kquery,0.36
result.txt,91,test000609.kquery,0.37
result.txt,91,test000610.kquery,0.36
result.txt,91,test000611.kquery,0.37
result.txt,91,test000612.kquery,0.36
result.txt,91,test000613.kquery,0.36
result.txt,91,test000614.kquery,0.37
result.txt,91,test000615.kquery,0.37
result.txt,91,test000616.kquery,0.36
result.txt,91,test000617.kquery,0.37
result.txt,91,test000618.kquery,0.37
result.txt,91,test000619.kquery,0.35
result.txt,91,test000620.kquery,0.37
result.txt,91,test000621.kquery,0.36
result.txt,91,test000622.kquery,0.37
result.txt,91,test000623.kquery,0.34
result.txt,91,test000624.kquery,0.37
result.txt,91,test000625.kquery,0.36
result.txt,91,test000626.kquery,0.37
result.txt,91,test000627.kquery,0.37
result.txt,91,test000628.kquery,0.37
result.txt,91,test000629.kquery,0.35
result.txt,91,test000630.kquery,0.36
result.txt,91,test000631.kquery,0.37
result.txt,91,test000632.kquery,0.35
result.txt,91,test000633.kquery,0.37
result.txt,91,test000634.kquery,0.36
result.txt,91,test000635.kquery,0.36
result.txt,91,test000636.kquery,0.37
result.txt,91,test000637.kquery,0.37
result.txt,91,test000638.kquery,0.37
result.txt,91,test000639.kquery,0.37
result.txt,91,test000640.kquery,0.37
result.txt,91,test000641.kquery,0.35
result.txt,91,test000642.kquery,0.37
result.txt,91,test000643.kquery,0.37
result.txt,91,test000644.kquery,0.36
result.txt,91,test000645.kquery,0.37
result.txt,91,test000646.kquery,0.37
result.txt,91,test000647.kquery,0.37
result.txt,91,test000648.kquery,0.37
result.txt,91,test000649.kquery,0.35
result.txt,91,test000650.kquery,0.37
result.txt,91,test000651.kquery,0.36
result.txt,91,test000652.kquery,0.36
result.txt,91,test000653.kquery,0.37
result.txt,91,test000654.kquery,0.37
result.txt,91,test000655.kquery,0.37
result.txt,91,test000656.kquery,0.37
result.txt,91,test000657.kquery,0.36
result.txt,91,test000658.kquery,0.36
result.txt,91,test000659.kquery,0.35
result.txt,91,test000660.kquery,0.37
result.txt,91,test000661.kquery,0.36
result.txt,91,test000662.kquery,0.36
result.txt,91,test000663.kquery,0.36
result.txt,91,test000664.kquery,0.36
result.txt,91,test000665.kquery,0.36
result.txt,91,test000666.kquery,0.37
result.txt,91,test000667.kquery,0.36
result.txt,91,test000668.kquery,0.36
result.txt,91,test000669.kquery,0.36
result.txt,91,test000670.kquery,0.36
result.txt,91,test000671.kquery,0.36
result.txt,91,test000672.kquery,0.35
result.txt,91,test000673.kquery,0.36
result.txt,91,test000674.kquery,0.36
result.txt,91,test000675.kquery,0.36
result.txt,91,test000676.kquery,0.37
result.txt,91,test000677.kquery,0.37
result.txt,91,test000678.kquery,0.36
result.txt,91,test000679.kquery,0.35
result.txt,91,test000680.kquery,0.36
result.txt,91,test000681.kquery,0.36
result.txt,91,test000682.kquery,0.36
result.txt,91,test000683.kquery,0.36
result.txt,91,test000684.kquery,0.36
result.txt,91,test000685.kquery,0.37
result.txt,91,test000686.kquery,0.36
result.txt,91,test000687.kquery,0.36
result.txt,91,test000688.kquery,0.36
result.txt,91,test000689.kquery,0.37
result.txt,91,test000690.kquery,0.37
result.txt,91,test000691.kquery,0.35
result.txt,91,test000692.kquery,0.36
result.txt,91,test000693.kquery,0.36
result.txt,91,test000694.kquery,0.37
result.txt,91,test000695.kquery,0.36
result.txt,91,test000696.kquery,0.36
result.txt,91,test000697.kquery,0.36
result.txt,91,test000698.kquery,0.37
result.txt,91,test000699.kquery,0.35
result.txt,91,test000700.kquery,0.36
result.txt,91,test000701.kquery,0.36
result.txt,91,test000702.kquery,0.36
result.txt,91,test000703.kquery,0.36
result.txt,91,test000704.kquery,0.36
result.txt,91,test000705.kquery,0.36
result.txt,91,test000706.kquery,0.36
result.txt,91,test000707.kquery,0.37
result.txt,91,test000708.kquery,0.36
result.txt,91,test000709.kquery,0.36
result.txt,91,test000710.kquery,0.36
result.txt,91,test000711.kquery,0.35
result.txt,91,test000712.kquery,0.36
result.txt,91,test000713.kquery,0.36
result.txt,91,test000714.kquery,0.36
result.txt,91,test000715.kquery,0.36
result.txt,91,test000716.kquery,0.36
result.txt,91,test000717.kquery,0.36
result.txt,91,test000718.kquery,0.36
result.txt,91,test000719.kquery,0.36
result.txt,91,test000720.kquery,0.36
result.txt,91,test000721.kquery,0.37
result.txt,91,test000722.kquery,0.35
result.txt,91,test000723.kquery,0.36
result.txt,91,test000724.kquery,0.36
result.txt,91,test000725.kquery,0.36
result.txt,91,test000726.kquery,0.36
result.txt,91,test000727.kquery,0.37
result.txt,91,test000728.kquery,0.36
result.txt,91,test000729.kquery,0.36
result.txt,91,test000730.kquery,0.36
result.txt,91,test000731.kquery,0.35
result.txt,91,test000732.kquery,0.36
result.txt,91,test000733.kquery,0.37
result.txt,91,test000734.kquery,0.36
result.txt,91,test000735.kquery,0.36
result.txt,91,test000736.kquery,0.36
result.txt,91,test000737.kquery,0.36
result.txt,91,test000738.kquery,0.36
result.txt,91,test000739.kquery,0.36
result.txt,91,test000740.kquery,0.37
result.txt,91,test000741.kquery,0.36
result.txt,91,test000742.kquery,0.36
result.txt,91,test000743.kquery,0.36
result.txt,91,test000744.kquery,0.35
result.txt,91,test000745.kquery,0.36
result.txt,91,test000746.kquery,0.36
result.txt,91,test000747.kquery,0.36
result.txt,91,test000748.kquery,0.34
result.txt,91,test000749.kquery,0.36
result.txt,91,test000750.kquery,0.37
result.txt,91,test000751.kquery,0.36
result.txt,91,test000752.kquery,0.36
result.txt,91,test000753.kquery,0.35
result.txt,91,test000754.kquery,0.36
result.txt,91,test000755.kquery,0.36
result.txt,91,test000756.kquery,0.36
result.txt,91,test000757.kquery,0.35
result.txt,91,test000758.kquery,0.36
result.txt,91,test000759.kquery,0.36
result.txt,91,test000760.kquery,0.37
result.txt,91,test000761.kquery,0.35
result.txt,91,test000762.kquery,0.36
result.txt,91,test000763.kquery,0.36
result.txt,91,test000764.kquery,0.36
result.txt,91,test000765.kquery,0.36
result.txt,91,test000766.kquery,0.35
result.txt,91,test000767.kquery,0.36
result.txt,91,test000768.kquery,0.36
result.txt,91,test000769.kquery,0.36
result.txt,91,test000770.kquery,0.36
result.txt,91,test000771.kquery,0.37
result.txt,91,test000772.kquery,0.36
result.txt,91,test000773.kquery,0.37
result.txt,91,test000774.kquery,0.35
result.txt,91,test000775.kquery,0.36
result.txt,91,test000776.kquery,0.36
result.txt,91,test000777.kquery,0.36
result.txt,91,test000778.kquery,0.36
result.txt,91,test000779.kquery,0.37
result.txt,91,test000780.kquery,0.36
result.txt,91,test000781.kquery,0.36
result.txt,91,test000782.kquery,0.36
result.txt,91,test000783.kquery,0.36
result.txt,91,test000784.kquery,0.35
result.txt,91,test000785.kquery,0.37
result.txt,91,test000786.kquery,0.36
result.txt,91,test000787.kquery,0.36
result.txt,91,test000788.kquery,0.36
result.txt,91,test000789.kquery,0.37
result.txt,91,test000790.kquery,0.37
result.txt,91,test000791.kquery,0.35
result.txt,91,test000792.kquery,0.36
result.txt,91,test000793.kquery,0.36
result.txt,91,test000794.kquery,0.37
result.txt,91,test000795.kquery,0.36
result.txt,91,test000796.kquery,0.36
result.txt,91,test000797.kquery,0.37
result.txt,91,test000798.kquery,0.36
result.txt,91,test000799.kquery,0.36
result.txt,91,test000800.kquery,0.36
result.txt,91,test000801.kquery,0.36
result.txt,91,test000802.kquery,0.35
result.txt,91,test000803.kquery,0.36
result.txt,91,test000804.kquery,0.36
result.txt,91,test000805.kquery,0.36
result.txt,91,test000806.kquery,0.36
result.txt,91,test000807.kquery,0.36
result.txt,91,test000808.kquery,0.36
result.txt,91,test000809.kquery,0.37
result.txt,91,test000810.kquery,0.36
result.txt,91,test000811.kquery,0.36
result.txt,91,test000812.kquery,0.36
result.txt,91,test000813.kquery,0.35
result.txt,91,test000814.kquery,0.36
result.txt,91,test000815.kquery,0.36
result.txt,91,test000816.kquery,0.37
result.txt,91,test000817.kquery,0.36
result.txt,91,test000818.kquery,0.36
result.txt,91,test000819.kquery,0.35
result.txt,91,test000820.kquery,0.36
result.txt,91,test000821.kquery,0.36
result.txt,91,test000822.kquery,0.36
result.txt,91,test000823.kquery,0.36
result.txt,91,test000824.kquery,0.36
result.txt,91,test000825.kquery,0.36
result.txt,91,test000826.kquery,0.36
result.txt,91,test000827.kquery,0.36
result.txt,91,test000828.kquery,0.36
result.txt,91,test000829.kquery,0.37
result.txt,91,test000830.kquery,0.36
result.txt,91,test000831.kquery,0.35
result.txt,91,test000832.kquery,0.36
result.txt,91,test000833.kquery,0.36
result.txt,91,test000834.kquery,0.36
result.txt,91,test000835.kquery,0.36
result.txt,91,test000836.kquery,0.36
result.txt,91,test000837.kquery,0.36
result.txt,91,test000838.kquery,0.36
result.txt,91,test000839.kquery,0.34
result.txt,91,test000840.kquery,0.35
result.txt,91,test000841.kquery,0.36
result.txt,91,test000842.kquery,0.36
result.txt,91,test000843.kquery,0.35
result.txt,91,test000844.kquery,0.36
result.txt,91,test000845.kquery,0.36
result.txt,91,test000846.kquery,0.36
result.txt,91,test000847.kquery,0.35
result.txt,91,test000848.kquery,0.36
result.txt,91,test000849.kquery,0.36
result.txt,91,test000850.kquery,0.36
result.txt,91,test000851.kquery,0.35
result.txt,91,test000852.kquery,0.36
result.txt,91,test000853.kquery,0.36
result.txt,91,test000854.kquery,0.36
result.txt,91,test000855.kquery,0.36
result.txt,91,test000856.kquery,0.36
result.txt,91,test000857.kquery,0.35
result.txt,91,test000858.kquery,0.36
result.txt,91,test000859.kquery,0.36
result.txt,91,test000860.kquery,0.36
result.txt,91,test000861.kquery,0.36
result.txt,91,test000862.kquery,0.36
result.txt,91,test000863.kquery,0.36
result.txt,91,test000864.kquery,0.35
result.txt,91,test000865.kquery,0.36
result.txt,91,test000866.kquery,0.36
result.txt,91,test000867.kquery,0.36
result.txt,91,test000868.kquery,0.36
result.txt,91,test000869.kquery,0.36
result.txt,91,test000870.kquery,0.36
result.txt,91,test000871.kquery,0.36
result.txt,91,test000872.kquery,0.36
result.txt,91,test000873.kquery,0.35
result.txt,91,test000874.kquery,0.36
result.txt,91,test000875.kquery,0.36
result.txt,91,test000876.kquery,0.36
result.txt,91,test000877.kquery,0.36
result.txt,91,test000878.kquery,0.36
result.txt,91,test000879.kquery,0.36
result.txt,91,test000880.kquery,0.36
result.txt,91,test000881.kquery,0.36
result.txt,91,test000882.kquery,0.35
result.txt,91,test000883.kquery,0.36
result.txt,91,test000884.kquery,0.36
result.txt,91,test000885.kquery,0.36
result.txt,91,test000886.kquery,0.36
result.txt,91,test000887.kquery,0.36
result.txt,91,test000888.kquery,0.36
result.txt,91,test000889.kquery,0.35
result.txt,91,test000890.kquery,0.36
result.txt,91,test000891.kquery,0.36
result.txt,91,test000892.kquery,0.36
result.txt,91,test000893.kquery,0.36
result.txt,91,test000894.kquery,0.36
result.txt,91,test000895.kquery,0.36
result.txt,91,test000896.kquery,0.36
result.txt,91,test000897.kquery,0.36
result.txt,91,test000898.kquery,0.36
result.txt,91,test000899.kquery,0.35
result.txt,91,test000900.kquery,0.36
result.txt,91,test000901.kquery,0.36
result.txt,91,test000902.kquery,0.36
result.txt,91,test000903.kquery,0.35
result.txt,91,test000904.kquery,0.34
result.txt,91,test000905.kquery,0.36
result.txt,91,test000906.kquery,0.35
result.txt,91,test000907.kquery,0.36
result.txt,91,test000908.kquery,0.35
result.txt,91,test000909.kquery,0.36
result.txt,91,test000910.kquery,0.36
result.txt,91,test000911.kquery,0.36
result.txt,91,test000912.kquery,0.36
result.txt,91,test000913.kquery,0.35
result.txt,91,test000914.kquery,0.36
result.txt,91,test000915.kquery,0.36
result.txt,91,test000916.kquery,0.36
result.txt,91,test000917.kquery,0.36
result.txt,91,test000918.kquery,0.36
result.txt,91,test000919.kquery,0.36
result.txt,91,test000920.kquery,0.35
result.txt,91,test000921.kquery,0.36
result.txt,91,test000922.kquery,0.36
result.txt,91,test000923.kquery,0.36
result.txt,91,test000924.kquery,0.36
result.txt,91,test000925.kquery,0.36
result.txt,91,test000926.kquery,0.35
result.txt,91,test000927.kquery,0.36
result.txt,91,test000928.kquery,0.35
result.txt,91,test000929.kquery,0.36
result.txt,91,test000930.kquery,0.36
result.txt,91,test000931.kquery,0.36
result.txt,91,test000932.kquery,0.36
result.txt,91,test000933.kquery,0.35
result.txt,91,test000934.kquery,0.34
result.txt,91,test000935.kquery,0.36
result.txt,91,test000936.kquery,0.35
result.txt,91,test000937.kquery,0.36
result.txt,91,test000938.kquery,0.36
result.txt,91,test000939.kquery,0.35
result.txt,91,test000940.kquery,0.36
result.txt,91,test000941.kquery,0.35
result.txt,91,test000942.kquery,0.34
result.txt,91,test000943.kquery,0.35
result.txt,91,test000944.kquery,0.36
result.txt,91,test000945.kquery,0.36
result.txt,91,test000946.kquery,0.35
result.txt,91,test000947.kquery,0.36
result.txt,91,test000948.kquery,0.34
result.txt,91,test000949.kquery,0.34
result.txt,91,test000950.kquery,0.36
result.txt,91,test000951.kquery,0.35
result.txt,91,test000952.kquery,0.36
result.txt,91,test000953.kquery,0.36
result.txt,91,test000954.kquery,0.34
result.txt,91,test000955.kquery,0.36
result.txt,91,test000956.kquery,0.35
result.txt,91,test000957.kquery,0.36
result.txt,91,test000958.kquery,0.34
result.txt,91,test000959.kquery,0.36
result.txt,91,test000960.kquery,0.36
result.txt,91,test000961.kquery,0.35
result.txt,91,test000962.kquery,0.36
result.txt,91,test000963.kquery,0.34
result.txt,91,test000964.kquery,0.36
result.txt,91,test000965.kquery,0.36
result.txt,91,test000966.kquery,0.36
result.txt,91,test000967.kquery,0.36
result.txt,91,test000968.kquery,0.34
result.txt,91,test000969.kquery,0.35
result.txt,91,test000970.kquery,0.36
result.txt,91,test000971.kquery,0.36
result.txt,91,test000972.kquery,0.36
result.txt,91,test000973.kquery,0.35
result.txt,91,test000974.kquery,0.36
result.txt,91,test000975.kquery,0.34
result.txt,91,test000976.kquery,0.35
result.txt,91,test000977.kquery,0.34
result.txt,91,test000978.kquery,0.36
result.txt,91,test000979.kquery,0.36
result.txt,91,test000980.kquery,0.34
result.txt,91,test000981.kquery,0.36
result.txt,91,test000982.kquery,0.36
result.txt,91,test000983.kquery,0.34
result.txt,91,test000984.kquery,0.36
result.txt,91,test000985.kquery,0.35
result.txt,91,test000986.kquery,0.34
result.txt,91,test000987.kquery,0.35
result.txt,91,test000988.kquery,0.35
result.txt,91,test000989.kquery,0.35
result.txt,91,test000990.kquery,0.35
result.txt,91,test000991.kquery,0.34
result.txt,91,test000992.kquery,0.34
result.txt,91,test000993.kquery,0.35
result.txt,91,test000994.kquery,0.35
result.txt,91,test000995.kquery,0.34
result.txt,91,test000996.kquery,0.35
result.txt,91,test000997.kquery,0.34
result.txt,91,test000998.kquery,0.34
result.txt,91,test000999.kquery,0.35
result.txt,91,test001000.kquery,0.34
result.txt,91,test001001.kquery,0.26
result.txt,91,test001002.kquery,0.34
result1.txt,96,test000001.kquery,0.48
result1.txt,96,test000002.kquery,0.51
result1.txt,96,test000003.kquery,0.47
result1.txt,96,test000004.kquery,0.50
result1.txt,96,test000005.kquery,0.51
result1.txt,96,test000006.kquery,0.47
result1.txt,96,test000007.kquery,0.51
result1.txt,96,test000008.kquery,0.46
result1.txt,96,test000009.kquery,0.51
result1.txt,96,test000010.kquery,0.51
result1.txt,96,test000011.kquery,0.51
result1.txt,96,test000012.kquery,0.47
result1.txt,96,test000013.kquery,0.51
result1.txt,96,test000014.kquery,0.51
result1.txt,96,test000015.kquery,0.51
result1.txt,96,test000016.kquery,0.51
result1.txt,96,test000017.kquery,0.47
result1.txt,96,test000018.kquery,0.51
result1.txt,96,test000019.kquery,0.51
result1.txt,96,test000020.kquery,0.52
result1.txt,96,test000021.kquery,0.52
result1.txt,96,test000022.kquery,0.53
result1.txt,96,test000023.kquery,0.51
result1.txt,96,test000024.kquery,0.52
result1.txt,96,test000025.kquery,0.52
result1.txt,96,test000026.kquery,0.52
result1.txt,96,test000027.kquery,0.51
result1.txt,96,test000028.kquery,0.52
result1.txt,96,test000029.kquery,0.52
result1.txt,96,test000030.kquery,0.52
result1.txt,96,test000031.kquery,0.51
result1.txt,96,test000032.kquery,0.52
result1.txt,96,test000033.kquery,0.52
result1.txt,96,test000034.kquery,0.52
result1.txt,96,test000035.kquery,0.52
result1.txt,96,test000036.kquery,0.52
result1.txt,96,test000037.kquery,0.54
result1.txt,96,test000038.kquery,0.52
result1.txt,96,test000039.kquery,0.52
result1.txt,96,test000040.kquery,0.54
result1.txt,96,test000041.kquery,0.52
result1.txt,96,test000042.kquery,0.46
result1.txt,96,test000043.kquery,0.52
result1.txt,96,test000044.kquery,0.52
result1.txt,96,test000045.kquery,0.52
result1.txt,96,test000046.kquery,0.52
result1.txt,96,test000047.kquery,0.52
result1.txt,96,test000048.kquery,0.52
result1.txt,96,test000049.kquery,0.52
result1.txt,96,test000050.kquery,0.54
result1.txt,96,test000051.kquery,0.52
result1.txt,96,test000052.kquery,0.54
result1.txt,96,test000053.kquery,0.52
result1.txt,96,test000054.kquery,0.54
result1.txt,96,test000055.kquery,0.54
result1.txt,96,test000056.kquery,0.52
result1.txt,96,test000057.kquery,0.54
result1.txt,96,test000058.kquery,0.54
result1.txt,96,test000059.kquery,0.52
result1.txt,96,test000060.kquery,0.54
result1.txt,96,test000061.kquery,0.46
result1.txt,97,test000001.kquery,0.43
result1.txt,97,test000002.kquery,0.84
result1.txt,97,test000003.kquery,0.62
result1.txt,97,test000004.kquery,0.64
result1.txt,97,test000005.kquery,0.64
result1.txt,97,test000006.kquery,0.90
result1.txt,97,test000007.kquery,1.05
result1.txt,97,test000008.kquery,1.11
result1.txt,97,test000009.kquery,1.26
result1.txt,97,test000010.kquery,1.43
result1.txt,97,test000011.kquery,1.58
result1.txt,97,test000012.kquery,2.28
result1.txt,98,test000001.kquery,0.77
result1.txt,98,test000002.kquery,0.89
result1.txt,98,test000003.kquery,0.89
result1.txt,98,test000004.kquery,0.63
result1.txt,98,test000005.kquery,0.63
result1.txt,98,test000006.kquery,0.63
result1.txt,98,test000007.kquery,0.63
result1.txt,98,test000008.kquery,0.63
result1.txt,98,test000009.kquery,0.63
result1.txt,98,test000010.kquery,0.63
result1.txt,98,test000011.kquery,0.63
result1.txt,98,test000012.kquery,0.63
result1.txt,98,test000013.kquery,0.63
result1.txt,98,test000014.kquery,0.63
result1.txt,98,test000015.kquery,0.63
result1.txt,98,test000016.kquery,0.63
result1.txt,98,test000017.kquery,0.63
result1.txt,98,test000018.kquery,0.63
result1.txt,98,test000019.kquery,0.63
result1.txt,98,test000020.kquery,0.63
result1.txt,98,test000021.kquery,0.64
result1.txt,98,test000022.kquery,0.63
result1.txt,98,test000023.kquery,0.63
result1.txt,98,test000024.kquery,0.63
result1.txt,98,test000025.kquery,0.63
result1.txt,98,test000026.kquery,0.63
result1.txt,98,test000027.kquery,0.63
result1.txt,98,test000028.kquery,0.63
result1.txt,98,test000029.kquery,0.63
result1.txt,98,test000030.kquery,0.63
result1.txt,98,test000031.kquery,0.63
result1.txt,98,test000032.kquery,0.63
result1.txt,98,test000033.kquery,0.63
result1.txt,98,test000034.kquery,0.63
result1.txt,98,test000035.kquery,0.63
result1.txt,98,test000036.kquery,0.63
result1.txt,98,test000037.kquery,0.61
result1.txt,98,test000038.kquery,0.70
result1.txt,98,test000039.kquery,0.63
result1.txt,98,test000040.kquery,0.60
result1.txt,98,test000041.kquery,0.69
result1.txt,99,test000001.kquery,0.39
result1.txt,99,test000002.kquery,0.59
result1.txt,99,test000003.kquery,0.71
result1.txt,99,test000004.kquery,0.84
result1.txt,99,test000005.kquery,0.79
